id,domain,sam,upn,sid,role
7a553626-af2e-4a91-b38c-68d99bea4b19,AGE,n.pistacho,n.pistacho@age.local,S-1-5-21-2481923711-3928475610-1122334455-1101,
fe8b0f92-2ef2-4123-ba2f-d3f711237562,AGE,l.navarro,l.navarro@age.local,S-1-5-21-2481923711-3928475610-1122334455-1102,
c4d81642-a74d-43b0-b6d1-4ef3e0e86a56,AGE,m.herrera,m.herrera@age.local,S-1-5-21-2481923711-3928475610-1122334455-1103,
5296f814-55a6-407e-b977-6ec54ff76adc,AGE,s.molina,s.molina@age.local,S-1-5-21-2481923711-3928475610-1122334455-1104,
caefbffc-c4f1-4ca5-a2cb-5facf03650c5,AGE,d.serrano,d.serrano@age.local,S-1-5-21-2481923711-3928475610-1122334455-1105,
7ea4e63d-7584-44fa-8901-6808173c8af0,AGE,p.carrasco,p.carrasco@age.local,S-1-5-21-2481923711-3928475610-1122334455-1106,
de79d405-16e2-4cc4-a92e-ddeaf26c26ed,AGE,j.romero,j.romero@age.local,S-1-5-21-2481923711-3928475610-1122334455-1107,
e8452957-e848-46e4-a263-7ebc8657531c,AGE,m.delgado,m.delgado@age.local,S-1-5-21-2481923711-3928475610-1122334455-1108,
9399eadd-ca08-46d0-b96a-824530602f08,AGE,a.castillo,a.castillo@age.local,S-1-5-21-2481923711-3928475610-1122334455-1109,
079f12d7-9bb2-4bf6-b722-346bc7a1d851,AGE,c.morales,c.morales@age.local,S-1-5-21-2481923711-3928475610-1122334455-1110,
d072f473-aa0b-4766-b8cc-c035886a7f46,AGE,h.ortega,h.ortega@age.local,S-1-5-21-2481923711-3928475610-1122334455-1111,
21c9011b-3039-4060-814e-e51b3a0aed5c,AGE,l.iglesias,l.iglesias@age.local,S-1-5-21-2481923711-3928475610-1122334455-1112,
8399022c-61de-463a-9aa2-8a7dc6c36b5f,AGE,d.fuentes,d.fuentes@age.local,S-1-5-21-2481923711-3928475610-1122334455-1113,
7e6dfd12-edde-4aff-bd0e-b8c41843fdd1,AGE,e.gallardo,e.gallardo@age.local,S-1-5-21-2481923711-3928475610-1122334455-1114,
e8096805-3d57-44b5-982d-c111c53772e2,AGE,i.pacheco,i.pacheco@age.local,S-1-5-21-2481923711-3928475610-1122334455-1115,
a5b26c05-f6a0-481e-bc76-34b0c7f05d84,AGE,s.camacho,s.camacho@age.local,S-1-5-21-2481923711-3928475610-1122334455-1116,
cc85c4ea-9a57-4cec-8d62-c33fc99e6345,AGE,m.benitez,m.benitez@age.local,S-1-5-21-2481923711-3928475610-1122334455-1117,
edbf5b1a-bbe4-485f-b6df-221f6f274301,AGE,c.cabrera,c.cabrera@age.local,S-1-5-21-2481923711-3928475610-1122334455-1118,
bc70f309-fbac-4663-98e0-9ae774d9e89d,AGE,a.salazar,a.salazar@age.local,S-1-5-21-2481923711-3928475610-1122334455-1119,
6eadb38b-ded1-432e-a6f6-474eeecdd8b2,AGE,i.valverde,i.valverde@age.local,S-1-5-21-2481923711-3928475610-1122334455-1120,
0f8841c9-8419-4e35-89cf-2d986ceeb978,AGE,p.montes,p.montes@age.local,S-1-5-21-2481923711-3928475610-1122334455-1121,
b86ecbdc-9724-4a42-8360-2e7f0b03c2e1,AGE,a.aparicio,a.aparicio@age.local,S-1-5-21-2481923711-3928475610-1122334455-1122,
fc47c340-a34e-4c30-9376-aa782bd1b224,AGE,r.bermudez,r.bermudez@age.local,S-1-5-21-2481923711-3928475610-1122334455-1123,
190b7a0a-3b75-4018-a7e6-22b5520007e4,AGE,n.carmona,n.carmona@age.local,S-1-5-21-2481923711-3928475610-1122334455-1124,
1d14ea3c-8ae8-4958-9fc3-fdea1bf9b271,AGE,v.cuevas,v.cuevas@age.local,S-1-5-21-2481923711-3928475610-1122334455-1125,
68d94244-b4af-437d-bd91-fc6dae2457a1,AGE,n.duran,n.duran@age.local,S-1-5-21-2481923711-3928475610-1122334455-1126,
2086f969-39a5-4c2c-b08d-eb818289ccdd,AGE,r.escobar,r.escobar@age.local,S-1-5-21-2481923711-3928475610-1122334455-1127,
bcba265e-d4b0-4fa1-bd45-71c8e5a39f28,AGE,b.figueroa,b.figueroa@age.local,S-1-5-21-2481923711-3928475610-1122334455-1128,
273cee8a-7bb2-4a20-9acc-f35b04bbd337,AGE,c.galindo,c.galindo@age.local,S-1-5-21-2481923711-3928475610-1122334455-1129,
2c2ba03e-1271-4b9c-ac84-58fb5e2cd524,AGE,r.hidalgo,r.hidalgo@age.local,S-1-5-21-2481923711-3928475610-1122334455-1130,
76c6b552-ebf6-45d5-9144-721b175919f4,AGE,d.ibanez,d.ibanez@age.local,S-1-5-21-2481923711-3928475610-1122334455-1131,
328cb6bd-f73e-453f-bad0-aa82513a36b8,AGE,c.jurado,c.jurado@age.local,S-1-5-21-2481923711-3928475610-1122334455-1132,
06cc3f33-a043-4293-be7b-9fbbc1e9749d,AGE,l.lorenzo,l.lorenzo@age.local,S-1-5-21-2481923711-3928475610-1122334455-1133,
08801e9e-ea97-43c6-8722-992fd790590e,AGE,p.mendoza,p.mendoza@age.local,S-1-5-21-2481923711-3928475610-1122334455-1134,
2af267a4-265a-4a52-819f-f6cec1411755,AGE,m.noguera,m.noguera@age.local,S-1-5-21-2481923711-3928475610-1122334455-1135,
611ccd3e-5b4b-4819-ba7d-4e3aeef16e12,AGE,a.orellana,a.orellana@age.local,S-1-5-21-2481923711-3928475610-1122334455-1136,
65e828c8-4b68-4b03-90d9-a1a2dc2544ba,AGE,f.palacios,f.palacios@age.local,S-1-5-21-2481923711-3928475610-1122334455-1137,
8ee41334-347d-49ce-b8f6-e4f9dd021a54,AGE,i.quintana,i.quintana@age.local,S-1-5-21-2481923711-3928475610-1122334455-1138,
76b6e647-6a30-420d-8b6f-b40b48f01094,AGE,j.roldan,j.roldan@age.local,S-1-5-21-2481923711-3928475610-1122334455-1139,
d91167a3-5d51-4e0c-9107-c68405bdb7da,AGE,t.sanchez,t.sanchez@age.local,S-1-5-21-2481923711-3928475610-1122334455-1140,
a9952c9a-2d24-46e7-b51c-f0b89bc5bd86,AGE,s.tabares,s.tabares@age.local,S-1-5-21-2481923711-3928475610-1122334455-1141,
301b8cfd-aab5-4fc4-a240-ce145d3fa02e,AGE,m.urrutia,m.urrutia@age.local,S-1-5-21-2481923711-3928475610-1122334455-1142,
1e5dd3a0-2853-4e57-8658-4f1969ea4631,AGE,o.velasco,o.velasco@age.local,S-1-5-21-2481923711-3928475610-1122334455-1143,
7cc15068-8c6a-46ca-a06e-2426cc4c97ec,AGE,s.zambrano,s.zambrano@age.local,S-1-5-21-2481923711-3928475610-1122334455-1144,
b36a7711-b2e1-4ef6-be85-91313e173f6a,AGE,a.arroyo,a.arroyo@age.local,S-1-5-21-2481923711-3928475610-1122334455-1145,
1602e2c2-52d7-4116-9ee1-9ad13eb463da,AGE,e.barroso,e.barroso@age.local,S-1-5-21-2481923711-3928475610-1122334455-1146,
63365c3c-e1f5-4d5e-b62b-6aa33d6bceac,AGE,g.cordero,g.cordero@age.local,S-1-5-21-2481923711-3928475610-1122334455-1147,
d77ea0f5-bc23-494d-9b75-95cb52645c2b,AGE,r.domingo,r.domingo@age.local,S-1-5-21-2481923711-3928475610-1122334455-1148,
a4c2b674-0aa0-47d6-9f5a-49fcecf04e30,AGE,h.espinosa,h.espinosa@age.local,S-1-5-21-2481923711-3928475610-1122334455-1149,
fb95ded3-c056-41a8-a158-c168e2a7fd34,AGE,b.ferrer,b.ferrer@age.local,S-1-5-21-2481923711-3928475610-1122334455-1150,
5d0bea53-2102-4fc5-9dbf-4b1ade56e6cd,AGE,s.garrido,s.garrido@age.local,S-1-5-21-2481923711-3928475610-1122334455-1151,
e7e7f809-3e23-46ed-9cc9-78dc7147e133,AGE,a.hurtado,a.hurtado@age.local,S-1-5-21-2481923711-3928475610-1122334455-1152,
550eb577-eb19-4ceb-a350-497a7b4f881c,AGE,t.jimenez,t.jimenez@age.local,S-1-5-21-2481923711-3928475610-1122334455-1153,
a9f476a9-7b00-42f9-9465-d5ba1688be5f,AGE,n.ledesma,n.ledesma@age.local,S-1-5-21-2481923711-3928475610-1122334455-1154,
6fe475c8-c9ef-49fe-9215-67770f8f969c,AGE,r.marquez,r.marquez@age.local,S-1-5-21-2481923711-3928475610-1122334455-1155,
53cc9ba5-ecb8-4770-ae05-bbf6c921f178,AGE,i.nieto,i.nieto@age.local,S-1-5-21-2481923711-3928475610-1122334455-1156,
08a2c262-ad57-4924-b28b-5b3d5f3c920c,AGE,g.olivar,g.olivar@age.local,S-1-5-21-2481923711-3928475610-1122334455-1157,
0b90cf7e-76a5-4e46-93cc-af882803ff31,AGE,m.perales,m.perales@age.local,S-1-5-21-2481923711-3928475610-1122334455-1158,
e9f9a867-ee73-46c7-b8ce-7e908cd41769,AGE,a.requena,a.requena@age.local,S-1-5-21-2481923711-3928475610-1122334455-1159,
e2394070-dacc-4da2-ac53-a6d7f2c42704,AGE,v.soriano,v.soriano@age.local,S-1-5-21-2481923711-3928475610-1122334455-1160,
f2ac2cda-7a55-41fb-ac5e-d68a88c04ca9,AGE,e.tejedor,e.tejedor@age.local,S-1-5-21-2481923711-3928475610-1122334455-1161,
08d2db20-4c22-4327-b926-f84644671b9e,AGE,l.vargas,l.vargas@age.local,S-1-5-21-2481923711-3928475610-1122334455-1162,
f67b173a-a30c-4ce6-8030-01682bdf7550,AGE,m.yuste,m.yuste@age.local,S-1-5-21-2481923711-3928475610-1122334455-1163,
6fac1dab-90d8-4364-b052-4bf7d06cbcba,AGE,e.zapata,e.zapata@age.local,S-1-5-21-2481923711-3928475610-1122334455-1164,
3a7f359e-739c-4d4b-9927-a653d04bf7db,AGE,f.alameda,f.alameda@age.local,S-1-5-21-2481923711-3928475610-1122334455-1165,
7a119e71-79ed-4cfd-8fa7-5f2a30c256f5,AGE,j.briones,j.briones@age.local,S-1-5-21-2481923711-3928475610-1122334455-1166,
55df391f-f1f4-447a-b08a-95cbdade7c8f,AGE,e.cifuente,e.cifuente@age.local,S-1-5-21-2481923711-3928475610-1122334455-1167,
6a219c37-ee75-449e-ba3c-be897a83bf9b,AGE,o.domingue,o.domingue@age.local,S-1-5-21-2481923711-3928475610-1122334455-1168,
017b0eda-ac55-4114-a24d-8b13d77bd433,AGE,r.escriban,r.escriban@age.local,S-1-5-21-2481923711-3928475610-1122334455-1169,
0d677ea4-232f-4e97-9a6a-19cbd115f452,AGE,l.fajardo,l.fajardo@age.local,S-1-5-21-2481923711-3928475610-1122334455-1170,
e00891f2-0c69-472a-827a-711dea6aa3fd,AGE,j.gimenez,j.gimenez@age.local,S-1-5-21-2481923711-3928475610-1122334455-1171,
f25ec6f6-a093-45e9-8b2a-3402d3d935a4,AGE,m.huertas,m.huertas@age.local,S-1-5-21-2481923711-3928475610-1122334455-1172,
e0585e36-5918-4142-9e02-32e320a91058,AGE,f.izquierd,f.izquierd@age.local,S-1-5-21-2481923711-3928475610-1122334455-1173,
39b885dd-820c-482d-8511-6c5a7a9beb61,AGE,s.labrador,s.labrador@age.local,S-1-5-21-2481923711-3928475610-1122334455-1174,
0905f98a-47e9-499b-b2fc-26910541e7dc,AGE,a.manzano,a.manzano@age.local,S-1-5-21-2481923711-3928475610-1122334455-1175,
1760caec-4862-490f-99b9-65963394cadf,AGE,p.novoa,p.novoa@age.local,S-1-5-21-2481923711-3928475610-1122334455-1176,
501665e4-bc8f-46ff-8438-c13217910798,AGE,i.otero,i.otero@age.local,S-1-5-21-2481923711-3928475610-1122334455-1177,
281c0329-4831-4705-911b-92b560ca4bcd,AGE,m.pedraza,m.pedraza@age.local,S-1-5-21-2481923711-3928475610-1122334455-1178,
bbda47a2-de5b-4502-b215-4b3aeccd96cd,AGE,c.quiroga,c.quiroga@age.local,S-1-5-21-2481923711-3928475610-1122334455-1179,
d4570e47-63c3-47f2-9ddf-47c2d7490e43,AGE,a.rincon,a.rincon@age.local,S-1-5-21-2481923711-3928475610-1122334455-1180,
debd27e0-1b23-4e02-b3cf-9335824bab03,AGE,r.saavedra,r.saavedra@age.local,S-1-5-21-2481923711-3928475610-1122334455-1181,
5fc66b27-5b58-49b8-8a55-d8fadf89d4c4,AGE,g.trujillo,g.trujillo@age.local,S-1-5-21-2481923711-3928475610-1122334455-1182,
4e293987-95c4-42e3-9e36-4fec48d729b1,AGE,e.valencia,e.valencia@age.local,S-1-5-21-2481923711-3928475610-1122334455-1183,
6bd7d55b-a682-4ca9-833a-3c41d084d25b,AGE,v.zorrilla,v.zorrilla@age.local,S-1-5-21-2481923711-3928475610-1122334455-1184,
cc16e0e0-521a-4297-afb6-c4a78998c0c4,AGE,b.acevedo,b.acevedo@age.local,S-1-5-21-2481923711-3928475610-1122334455-1185,
650b76c2-ae0d-4c37-977f-270cb95cd272,AGE,c.bustos,c.bustos@age.local,S-1-5-21-2481923711-3928475610-1122334455-1186,
d0e89cd7-804a-42d1-a28d-9af8e18c51f9,AGE,j.cantero,j.cantero@age.local,S-1-5-21-2481923711-3928475610-1122334455-1187,
28becbfd-8732-4030-a08a-f7159ed98661,AGE,a.donoso,a.donoso@age.local,S-1-5-21-2481923711-3928475610-1122334455-1188,
15cabbc6-2270-4284-a36f-06f13423d1e3,AGE,m.echevarr,m.echevarr@age.local,S-1-5-21-2481923711-3928475610-1122334455-1189,
daff3aff-3252-4ff2-bd89-0ee998789549,AGE,v.flores,v.flores@age.local,S-1-5-21-2481923711-3928475610-1122334455-1190,
fd8b93e0-4418-423a-a9d8-fb195f055d5b,AGE,l.granados,l.granados@age.local,S-1-5-21-2481923711-3928475610-1122334455-1191,
3418f555-6265-4470-a613-2b826a6fe7f6,AGE,e.heredia,e.heredia@age.local,S-1-5-21-2481923711-3928475610-1122334455-1192,
318d892a-7792-4328-93fc-85945fa7e863,AGE,b.linares,b.linares@age.local,S-1-5-21-2481923711-3928475610-1122334455-1193,
22949bdf-08b8-4a56-bfd6-2b8c8cd25bf5,AGE,a.medina,a.medina@age.local,S-1-5-21-2481923711-3928475610-1122334455-1194,
500e8a94-90e1-468f-a59c-4793ef392b01,AGE,a.olmos,a.olmos@age.local,S-1-5-21-2481923711-3928475610-1122334455-1195,
1784a22d-ca6d-4a84-ae0a-1a1969a5e6d4,AGE,c.padilla,c.padilla@age.local,S-1-5-21-2481923711-3928475610-1122334455-1196,
9ba9ea33-2ff0-4e7a-b427-394e2bdbf05f,AGE,e.rivas,e.rivas@age.local,S-1-5-21-2481923711-3928475610-1122334455-1197,
2ba99af1-82c2-47cd-9f88-b79b08eefec1,AGE,l.solano,l.solano@age.local,S-1-5-21-2481923711-3928475610-1122334455-1198,
08f8a777-53df-4c6f-8a57-d31ac1ae97e5,AGE,g.toledo,g.toledo@age.local,S-1-5-21-2481923711-3928475610-1122334455-1199,
ba26f755-7114-4265-b913-fef58bc89230,AGE,v.villalba,v.villalba@age.local,S-1-5-21-2481923711-3928475610-1122334455-1200,
