n.pistacho;n.pistacho@age.local;S-1-5-21-2481923711-3928475610-1122334455-1101
l.navarro;l.navarro@age.local;S-1-5-21-2481923711-3928475610-1122334455-1102
m.herrera;m.herrera@age.local;S-1-5-21-2481923711-3928475610-1122334455-1103
s.molina;s.molina@age.local;S-1-5-21-2481923711-3928475610-1122334455-1104
d.serrano;d.serrano@age.local;S-1-5-21-2481923711-3928475610-1122334455-1105
p.carrasco;p.carrasco@age.local;S-1-5-21-2481923711-3928475610-1122334455-1106
j.romero;j.romero@age.local;S-1-5-21-2481923711-3928475610-1122334455-1107
m.delgado;m.delgado@age.local;S-1-5-21-2481923711-3928475610-1122334455-1108
a.castillo;a.castillo@age.local;S-1-5-21-2481923711-3928475610-1122334455-1109
c.morales;c.morales@age.local;S-1-5-21-2481923711-3928475610-1122334455-1110
h.ortega;h.ortega@age.local;S-1-5-21-2481923711-3928475610-1122334455-1111
l.iglesias;l.iglesias@age.local;S-1-5-21-2481923711-3928475610-1122334455-1112
d.fuentes;d.fuentes@age.local;S-1-5-21-2481923711-3928475610-1122334455-1113
e.gallardo;e.gallardo@age.local;S-1-5-21-2481923711-3928475610-1122334455-1114
i.pacheco;i.pacheco@age.local;S-1-5-21-2481923711-3928475610-1122334455-1115
s.camacho;s.camacho@age.local;S-1-5-21-2481923711-3928475610-1122334455-1116
m.benitez;m.benitez@age.local;S-1-5-21-2481923711-3928475610-1122334455-1117
c.cabrera;c.cabrera@age.local;S-1-5-21-2481923711-3928475610-1122334455-1118
a.salazar;a.salazar@age.local;S-1-5-21-2481923711-3928475610-1122334455-1119
i.valverde;i.valverde@age.local;S-1-5-21-2481923711-3928475610-1122334455-1120
p.montes;p.montes@age.local;S-1-5-21-2481923711-3928475610-1122334455-1121
a.aparicio;a.aparicio@age.local;S-1-5-21-2481923711-3928475610-1122334455-1122
r.bermudez;r.bermudez@age.local;S-1-5-21-2481923711-3928475610-1122334455-1123
n.carmona;n.carmona@age.local;S-1-5-21-2481923711-3928475610-1122334455-1124
v.cuevas;v.cuevas@age.local;S-1-5-21-2481923711-3928475610-1122334455-1125
n.duran;n.duran@age.local;S-1-5-21-2481923711-3928475610-1122334455-1126
r.escobar;r.escobar@age.local;S-1-5-21-2481923711-3928475610-1122334455-1127
b.figueroa;b.figueroa@age.local;S-1-5-21-2481923711-3928475610-1122334455-1128
c.galindo;c.galindo@age.local;S-1-5-21-2481923711-3928475610-1122334455-1129
r.hidalgo;r.hidalgo@age.local;S-1-5-21-2481923711-3928475610-1122334455-1130
d.ibanez;d.ibanez@age.local;S-1-5-21-2481923711-3928475610-1122334455-1131
c.jurado;c.jurado@age.local;S-1-5-21-2481923711-3928475610-1122334455-1132
l.lorenzo;l.lorenzo@age.local;S-1-5-21-2481923711-3928475610-1122334455-1133
p.mendoza;p.mendoza@age.local;S-1-5-21-2481923711-3928475610-1122334455-1134
m.noguera;m.noguera@age.local;S-1-5-21-2481923711-3928475610-1122334455-1135
a.orellana;a.orellana@age.local;S-1-5-21-2481923711-3928475610-1122334455-1136
f.palacios;f.palacios@age.local;S-1-5-21-2481923711-3928475610-1122334455-1137
i.quintana;i.quintana@age.local;S-1-5-21-2481923711-3928475610-1122334455-1138
j.roldan;j.roldan@age.local;S-1-5-21-2481923711-3928475610-1122334455-1139
t.sanchez;t.sanchez@age.local;S-1-5-21-2481923711-3928475610-1122334455-1140
s.tabares;s.tabares@age.local;S-1-5-21-2481923711-3928475610-1122334455-1141
m.urrutia;m.urrutia@age.local;S-1-5-21-2481923711-3928475610-1122334455-1142
o.velasco;o.velasco@age.local;S-1-5-21-2481923711-3928475610-1122334455-1143
s.zambrano;s.zambrano@age.local;S-1-5-21-2481923711-3928475610-1122334455-1144
a.arroyo;a.arroyo@age.local;S-1-5-21-2481923711-3928475610-1122334455-1145
e.barroso;e.barroso@age.local;S-1-5-21-2481923711-3928475610-1122334455-1146
g.cordero;g.cordero@age.local;S-1-5-21-2481923711-3928475610-1122334455-1147
r.domingo;r.domingo@age.local;S-1-5-21-2481923711-3928475610-1122334455-1148
h.espinosa;h.espinosa@age.local;S-1-5-21-2481923711-3928475610-1122334455-1149
b.ferrer;b.ferrer@age.local;S-1-5-21-2481923711-3928475610-1122334455-1150
s.garrido;s.garrido@age.local;S-1-5-21-2481923711-3928475610-1122334455-1151
a.hurtado;a.hurtado@age.local;S-1-5-21-2481923711-3928475610-1122334455-1152
t.jimenez;t.jimenez@age.local;S-1-5-21-2481923711-3928475610-1122334455-1153
n.ledesma;n.ledesma@age.local;S-1-5-21-2481923711-3928475610-1122334455-1154
r.marquez;r.marquez@age.local;S-1-5-21-2481923711-3928475610-1122334455-1155
i.nieto;i.nieto@age.local;S-1-5-21-2481923711-3928475610-1122334455-1156
g.olivar;g.olivar@age.local;S-1-5-21-2481923711-3928475610-1122334455-1157
m.perales;m.perales@age.local;S-1-5-21-2481923711-3928475610-1122334455-1158
a.requena;a.requena@age.local;S-1-5-21-2481923711-3928475610-1122334455-1159
v.soriano;v.soriano@age.local;S-1-5-21-2481923711-3928475610-1122334455-1160
e.tejedor;e.tejedor@age.local;S-1-5-21-2481923711-3928475610-1122334455-1161
l.vargas;l.vargas@age.local;S-1-5-21-2481923711-3928475610-1122334455-1162
m.yuste;m.yuste@age.local;S-1-5-21-2481923711-3928475610-1122334455-1163
e.zapata;e.zapata@age.local;S-1-5-21-2481923711-3928475610-1122334455-1164
f.alameda;f.alameda@age.local;S-1-5-21-2481923711-3928475610-1122334455-1165
j.briones;j.briones@age.local;S-1-5-21-2481923711-3928475610-1122334455-1166
e.cifuente;e.cifuente@age.local;S-1-5-21-2481923711-3928475610-1122334455-1167
o.domingue;o.domingue@age.local;S-1-5-21-2481923711-3928475610-1122334455-1168
r.escriban;r.escriban@age.local;S-1-5-21-2481923711-3928475610-1122334455-1169
l.fajardo;l.fajardo@age.local;S-1-5-21-2481923711-3928475610-1122334455-1170
j.gimenez;j.gimenez@age.local;S-1-5-21-2481923711-3928475610-1122334455-1171
m.huertas;m.huertas@age.local;S-1-5-21-2481923711-3928475610-1122334455-1172
f.izquierd;f.izquierd@age.local;S-1-5-21-2481923711-3928475610-1122334455-1173
s.labrador;s.labrador@age.local;S-1-5-21-2481923711-3928475610-1122334455-1174
a.manzano;a.manzano@age.local;S-1-5-21-2481923711-3928475610-1122334455-1175
p.novoa;p.novoa@age.local;S-1-5-21-2481923711-3928475610-1122334455-1176
i.otero;i.otero@age.local;S-1-5-21-2481923711-3928475610-1122334455-1177
m.pedraza;m.pedraza@age.local;S-1-5-21-2481923711-3928475610-1122334455-1178
c.quiroga;c.quiroga@age.local;S-1-5-21-2481923711-3928475610-1122334455-1179
a.rincon;a.rincon@age.local;S-1-5-21-2481923711-3928475610-1122334455-1180
r.saavedra;r.saavedra@age.local;S-1-5-21-2481923711-3928475610-1122334455-1181
g.trujillo;g.trujillo@age.local;S-1-5-21-2481923711-3928475610-1122334455-1182
e.valencia;e.valencia@age.local;S-1-5-21-2481923711-3928475610-1122334455-1183
v.zorrilla;v.zorrilla@age.local;S-1-5-21-2481923711-3928475610-1122334455-1184
b.acevedo;b.acevedo@age.local;S-1-5-21-2481923711-3928475610-1122334455-1185
c.bustos;c.bustos@age.local;S-1-5-21-2481923711-3928475610-1122334455-1186
j.cantero;j.cantero@age.local;S-1-5-21-2481923711-3928475610-1122334455-1187
a.donoso;a.donoso@age.local;S-1-5-21-2481923711-3928475610-1122334455-1188
m.echevarr;m.echevarr@age.local;S-1-5-21-2481923711-3928475610-1122334455-1189
v.flores;v.flores@age.local;S-1-5-21-2481923711-3928475610-1122334455-1190
l.granados;l.granados@age.local;S-1-5-21-2481923711-3928475610-1122334455-1191
e.heredia;e.heredia@age.local;S-1-5-21-2481923711-3928475610-1122334455-1192
b.linares;b.linares@age.local;S-1-5-21-2481923711-3928475610-1122334455-1193
a.medina;a.medina@age.local;S-1-5-21-2481923711-3928475610-1122334455-1194
a.olmos;a.olmos@age.local;S-1-5-21-2481923711-3928475610-1122334455-1195
c.padilla;c.padilla@age.local;S-1-5-21-2481923711-3928475610-1122334455-1196
e.rivas;e.rivas@age.local;S-1-5-21-2481923711-3928475610-1122334455-1197
l.solano;l.solano@age.local;S-1-5-21-2481923711-3928475610-1122334455-1198
g.toledo;g.toledo@age.local;S-1-5-21-2481923711-3928475610-1122334455-1199
v.villalba;v.villalba@age.local;S-1-5-21-2481923711-3928475610-1122334455-1200
